"60.038	0.700	3.573	0.880	145.885	-78.796	165.804	0.000	331.702	0.000	57.255	2.896	14.588"
"60.037	0.698	3.573	0.880	146.186	-78.863	166.101	0.000	331.870	0.000	57.254	2.901	14.618"
"60.037	0.697	3.575	0.879	145.776	-79.147	165.876	0.000	331.667	0.000	57.254	2.897	14.577"
"60.037	0.702	3.586	0.878	145.464	-79.143	165.601	0.000	331.582	0.000	57.257	2.892	14.546"
"60.037	0.700	3.597	0.878	145.136	-79.161	165.320	0.000	331.462	0.000	57.258	2.887	14.513"
"60.037	0.700	3.597	0.878	145.136	-79.161	165.320	0.000	331.462	0.000	57.258	2.887	14.513"
"60.035	0.706	3.593	0.879	145.690	-79.171	165.812	0.000	331.480	0.000	57.261	2.889	14.531"
"60.035	0.703	3.586	0.879	145.790	-79.271	165.948	0.000	331.447	0.000	57.263	2.898	14.578"
"60.034	0.704	3.580	0.878	145.743	-79.353	165.946	0.000	331.597	0.000	57.261	2.898	14.574"
"60.034	0.704	3.562	0.878	145.931	-79.372	166.120	0.000	331.535	0.000	57.256	2.901	14.593"
"60.033	0.704	3.577	0.879	145.958	-79.373	166.145	0.000	331.724	0.000	57.252	2.902	14.595"
"60.033	0.704	3.577	0.879	145.958	-79.373	166.145	0.000	331.724	0.000	57.252	2.902	14.595"
"60.033	0.705	3.577	0.877	145.132	-79.471	165.466	0.000	331.392	0.000	57.244	2.891	14.513"
"60.031	0.702	3.583	0.877	145.283	-79.615	165.668	0.000	331.470	0.000	57.248	2.894	14.528"
"60.031	0.704	3.588	0.877	145.287	-79.667	165.696	0.000	331.391	0.000	57.244	2.895	14.528"
"60.031	0.703	3.594	0.876	144.996	-79.697	165.455	0.000	331.297	0.000	57.246	2.890	14.499"
"60.030	0.709	3.610	0.877	145.063	-79.606	165.471	0.000	331.388	0.000	57.251	2.890	14.506"
"60.029	0.709	3.579	0.878	145.405	-79.439	165.690	0.000	331.401	0.000	57.252	2.894	14.540"
"60.028	0.706	3.587	0.878	145.356	-79.376	165.616	0.000	331.528	0.000	57.248	2.893	14.535"
"60.028	0.709	3.584	0.877	145.230	-79.563	165.596	0.000	331.374	0.000	57.247	2.893	14.522"
"60.027	0.706	3.580	0.877	145.372	-79.500	165.691	0.000	331.312	0.000	57.245	2.894	14.537"
"60.028	0.706	3.567	0.878	145.788	-79.513	166.062	0.000	331.425	0.000	57.244	2.901	14.578"
"60.027	0.717	3.604	0.878	145.986	-79.550	166.253	0.000	331.565	0.000	57.244	2.904	14.598"
"60.027	0.719	3.626	0.877	145.763	-79.686	166.122	0.000	331.475	0.000	57.244	2.902	14.576"
"60.027	0.723	3.617	0.877	145.495	-79.602	165.847	0.000	331.427	0.000	57.246	2.897	14.549"
"60.026	0.719	3.620	0.878	145.525	-79.491	165.820	0.000	331.453	0.000	57.249	2.896	14.552"
"60.026	0.719	3.620	0.878	145.525	-79.491	165.820	0.000	331.453	0.000	57.249	2.896	14.552"
"60.025	0.719	3.616	0.878	145.620	-79.463	165.891	0.000	331.429	0.000	57.249	2.898	14.561"
"60.024	0.712	3.604	0.878	145.799	-79.530	166.080	0.000	331.565	0.000	57.249	2.901	14.579"
"60.024	0.711	3.597	0.877	145.571	-79.631	165.928	0.000	331.514	0.000	57.253	2.898	14.557"
"60.024	0.715	3.614	0.878	145.553	-79.501	165.850	0.000	331.354	0.000	57.250	2.897	14.555"
"60.024	0.720	3.614	0.877	145.389	-79.523	165.716	0.000	331.419	0.000	57.253	2.894	14.538"
"60.023	0.721	3.596	0.877	145.157	-79.527	165.515	0.000	331.419	0.000	57.253	2.891	14.515"
"60.023	0.717	3.600	0.877	145.031	-79.450	165.367	0.000	331.378	0.000	57.252	2.888	14.502"
"60.022	0.715	3.590	0.877	145.061	-79.399	165.369	0.000	331.410	0.000	57.248	2.889	14.506"
"60.023	0.715	3.594	0.877	145.085	-79.308	165.347	0.000	331.357	0.000	57.247	2.888	14.508"
"60.022	0.709	3.583	0.878	145.216	-79.022	165.324	0.000	331.885	0.000	57.240	2.888	14.521"
"60.022	0.706	3.565	0.879	145.328	-79.010	165.417	0.000	331.732	0.000	57.242	2.890	14.532"
"60.022	0.706	3.565	0.879	145.328	-79.010	165.417	0.000	331.732	0.000	57.242	2.890	14.532"
"60.021	0.705	3.600	0.878	145.176	-78.972	165.265	0.000	331.488	0.000	57.247	2.887	14.517"
"60.021	0.704	3.591	0.879	145.288	-78.978	165.367	0.000	331.573	0.000	57.247	2.889	14.528"
"60.021	0.704	3.577	0.879	145.564	-78.953	165.597	0.000	331.525	0.000	57.249	2.893	14.556"
"60.021	0.704	3.600	0.879	145.707	-78.875	165.686	0.000	331.684	0.000	57.248	2.894	14.570"
"60.020	0.707	3.586	0.880	145.824	-78.682	165.697	0.000	331.686	0.000	57.244	2.895	14.582"
"60.020	0.704	3.588	0.880	145.862	-78.552	165.668	0.000	331.668	0.000	57.243	2.894	14.586"
"60.020	0.704	3.582	0.880	145.761	-78.531	165.570	0.000	331.773	0.000	57.242	2.892	14.576"
"60.020	0.703	3.577	0.881	145.914	-78.390	165.638	0.000	331.729	0.000	57.238	2.894	14.591"
"60.020	0.703	3.583	0.880	145.769	-78.542	165.582	0.000	331.895	0.000	57.238	2.893	14.576"
"60.021	0.699	3.571	0.880	145.882	-78.641	165.728	0.000	331.732	0.000	57.241	2.895	14.588"
"60.020	0.701	3.575	0.880	145.946	-78.788	165.855	0.000	331.788	0.000	57.246	2.897	14.594"
"60.020	0.701	3.575	0.880	145.946	-78.788	165.855	0.000	331.788	0.000	57.246	2.897	14.594"
"60.020	0.708	3.580	0.881	146.309	-78.689	166.127	0.000	331.716	0.000	57.248	2.902	14.630"
"60.020	0.703	3.583	0.881	146.435	-78.633	166.212	0.000	331.805	0.000	57.250	2.903	14.643"
"60.020	0.705	3.579	0.880	146.169	-78.732	166.024	0.000	331.772	0.000	57.251	2.900	14.616"
"60.019	0.702	3.573	0.880	145.709	-78.744	165.625	0.000	331.754	0.000	57.246	2.893	14.570"
"60.020	0.705	3.565	0.880	145.647	-78.805	165.600	0.000	331.650	0.000	57.241	2.893	14.564"
"60.020	0.702	3.585	0.879	145.480	-78.787	165.444	0.000	331.658	0.000	57.242	2.890	14.547"
"60.020	0.707	3.576	0.879	145.323	-78.697	165.263	0.000	331.642	0.000	57.238	2.887	14.532"
"60.019	0.702	3.600	0.879	145.029	-78.644	164.980	0.000	331.689	0.000	57.235	2.883	14.502"
"60.020	0.708	3.606	0.879	144.916	-78.503	164.813	0.000	331.635	0.000	57.231	2.880	14.491"
"60.019	0.705	3.603	0.880	144.887	-78.323	164.703	0.000	331.777	0.000	57.228	2.878	14.488"
"60.019	0.705	3.587	0.880	144.925	-78.261	164.706	0.000	331.781	0.000	57.228	2.878	14.492"
"60.018	0.704	3.610	0.880	145.093	-78.251	164.849	0.000	331.815	0.000	57.227	2.881	14.509"
"60.019	0.705	3.586	0.880	145.020	-78.330	164.823	0.000	331.629	0.000	57.225	2.880	14.501"
"60.019	0.705	3.586	0.880	145.020	-78.330	164.823	0.000	331.629	0.000	57.225	2.880	14.501"
"60.019	0.705	3.591	0.881	145.582	-78.116	165.215	0.000	331.743	0.000	57.230	2.887	14.558"
"60.018	0.702	3.597	0.882	145.977	-77.970	165.495	0.000	332.077	0.000	57.230	2.892	14.597"
"60.018	0.705	3.583	0.883	146.261	-77.862	165.695	0.000	332.097	0.000	57.226	2.895	14.626"
"60.018	0.704	3.598	0.883	146.427	-77.941	165.878	0.000	332.125	0.000	57.226	2.899	14.642"
"60.018	0.706	3.583	0.882	146.384	-78.285	166.002	0.000	332.119	0.000	57.226	2.901	14.638"
"60.019	0.698	3.575	0.881	146.035	-78.350	165.725	0.000	331.980	0.000	57.224	2.896	14.603"
"60.020	0.699	3.583	0.881	145.875	-78.326	165.573	0.000	331.854	0.000	57.227	2.893	14.587"
"60.020	0.698	3.587	0.882	145.915	-78.106	165.505	0.000	331.950	0.000	57.230	2.892	14.591"
"60.019	0.704	3.579	0.881	145.849	-78.152	165.468	0.000	331.908	0.000	57.231	2.891	14.584"
"60.020	0.697	3.576	0.881	145.635	-78.305	165.352	0.000	331.810	0.000	57.233	2.889	14.563"
"60.020	0.702	3.582	0.881	145.703	-78.297	165.408	0.000	331.829	0.000	57.239	2.890	14.570"
"60.021	0.696	3.582	0.881	145.732	-78.385	165.475	0.000	331.849	0.000	57.239	2.891	14.573"
"60.021	0.695	3.568	0.881	145.993	-78.300	165.665	0.000	331.863	0.000	57.242	2.894	14.599"
"60.021	0.699	3.561	0.881	146.149	-78.309	165.807	0.000	331.946	0.000	57.242	2.897	14.614"
"60.021	0.694	3.564	0.882	146.135	-78.240	165.762	0.000	331.880	0.000	57.242	2.896	14.613"
"60.021	0.691	3.555	0.881	145.972	-78.253	165.624	0.000	331.920	0.000	57.245	2.893	14.597"
"60.020	0.695	3.556	0.881	145.732	-78.283	165.427	0.000	331.837	0.000	57.247	2.890	14.573"
"60.021	0.692	3.558	0.880	145.341	-78.362	165.120	0.000	331.901	0.000	57.243	2.885	14.534"
"60.021	0.691	3.591	0.877	143.616	-78.823	163.825	0.000	331.887	0.000	57.243	2.862	14.361"
"60.021	0.689	3.649	0.865	138.305	-80.297	159.924	0.000	330.599	0.000	57.236	2.794	13.830"
"60.022	0.699	3.768	0.845	129.598	-81.948	153.333	0.000	329.644	0.000	57.232	2.679	12.959"
"60.022	0.701	3.902	0.811	116.642	-84.166	143.838	0.000	325.591	0.000	57.224	2.514	11.664"
"60.022	0.699	4.025	0.785	106.532	-84.186	135.781	0.000	322.621	0.000	57.220	2.373	10.653"
"60.022	0.700	4.235	0.754	97.111	-84.674	128.842	0.000	320.695	0.000	57.218	2.252	9.711"
"60.021	0.702	4.662	0.695	84.411	-87.357	121.476	0.000	316.855	0.000	57.212	2.123	8.441"
"60.021	0.697	5.281	0.622	71.747	-90.247	115.291	0.000	311.099	0.000	57.202	2.015	7.174"
"60.021	0.693	5.820	0.563	62.963	-92.306	111.735	0.000	305.934	0.000	57.194	1.954	6.296"
"60.021	0.695	6.192	0.524	57.607	-93.681	109.976	0.000	302.632	0.000	57.191	1.923	5.761"
"60.022	0.692	6.299	0.502	54.772	-94.388	109.129	0.000	300.681	0.000	57.195	1.908	5.477"
"60.022	0.693	6.379	0.488	53.157	-94.977	108.841	0.000	299.563	0.000	57.198	1.903	5.315"
"60.022	0.696	6.398	0.480	52.271	-95.511	108.879	0.000	298.885	0.000	57.200	1.903	5.227"
"60.022	0.692	6.390	0.475	51.798	-95.847	108.948	0.000	298.604	0.000	57.201	1.905	5.180"
"60.022	0.693	6.376	0.472	51.436	-96.091	108.992	0.000	298.374	0.000	57.206	1.905	5.143"
"60.022	0.696	6.394	0.468	51.006	-96.314	108.986	0.000	298.211	0.000	57.212	1.905	5.100"
"60.022	0.697	6.422	0.465	50.687	-96.508	109.009	0.000	297.775	0.000	57.218	1.905	5.069"
"60.022	0.696	6.420	0.464	50.641	-96.700	109.158	0.000	297.654	0.000	57.226	1.907	5.064"
"60.022	0.702	6.423	0.467	50.953	-96.521	109.144	0.000	297.687	0.000	57.230	1.907	5.095"
"60.022	0.694	6.395	0.467	50.963	-96.582	109.203	0.000	297.980	0.000	57.233	1.908	5.096"
"60.022	0.700	6.393	0.465	50.802	-96.820	109.339	0.000	297.634	0.000	57.242	1.910	5.080"
"60.022	0.696	6.408	0.465	50.939	-96.897	109.471	0.000	297.816	0.000	57.246	1.912	5.094"
"60.022	0.697	6.388	0.466	50.934	-96.818	109.398	0.000	297.831	0.000	57.248	1.911	5.093"
"60.022	0.699	6.416	0.466	50.971	-96.776	109.378	0.000	297.929	0.000	57.250	1.911	5.097"
"60.023	0.702	6.403	0.467	51.132	-96.731	109.413	0.000	297.887	0.000	57.253	1.911	5.113"
"60.023	0.701	6.406	0.467	51.165	-96.788	109.479	0.000	297.825	0.000	57.258	1.912	5.116"
"60.022	0.703	6.391	0.466	51.057	-96.884	109.514	0.000	297.808	0.000	57.262	1.913	5.105"
"60.023	0.704	6.405	0.466	51.033	-96.997	109.603	0.000	297.808	0.000	57.266	1.914	5.103"
"60.023	0.701	6.404	0.465	50.963	-97.002	109.575	0.000	297.880	0.000	57.269	1.913	5.096"
"60.023	0.704	6.423	0.465	50.951	-96.887	109.467	0.000	-378289807304810635000000000000000000000000000000000000000000000000000000000000000000000000000000000000000000.000	0.000	9332294800336800150000000000000000000000000000000000000000000000000000.000	1.913	5.096"
"60.023	0.708	6.438	0.467	51.158	-96.768	109.458	0.000	297.787	0.000	57.272	1.911	5.116"
"60.022	0.704	6.406	0.467	51.136	-96.857	109.527	0.000	297.841	0.000	57.272	1.912	5.113"
"60.023	0.707	6.442	0.465	50.845	-96.935	109.460	0.000	297.607	0.000	57.271	1.911	5.084"
"60.022	0.708	6.418	0.460	50.465	-97.368	109.669	0.000	297.507	0.000	57.292	1.914	5.046"
"60.023	0.711	6.404	0.459	50.377	-97.410	109.666	0.000	297.397	0.000	57.291	1.914	5.038"
"60.023	0.704	6.387	0.461	50.435	-97.219	109.523	0.000	297.529	0.000	57.283	1.912	5.043"
"60.022	0.710	6.405	0.460	50.258	-97.092	109.329	0.000	297.559	0.000	57.278	1.909	5.026"
"60.023	0.709	6.424	0.467	51.152	-96.845	109.524	0.000	297.771	0.000	57.275	1.912	5.115"
"60.022	0.711	6.445	0.468	51.244	-96.728	109.464	0.000	297.990	0.000	57.269	1.911	5.124"
"60.022	0.702	6.436	0.466	51.018	-96.766	109.392	0.000	297.931	0.000	57.266	1.910	5.102"
"60.022	0.706	6.465	0.411	44.823	-99.355	108.998	0.000	299.691	0.000	57.264	1.903	4.482"
"60.022	0.702	6.343	0.309	34.084	-104.948	110.344	0.000	291.060	0.000	57.256	1.927	3.408"
"60.022	0.705	6.180	0.253	-28.382	-108.493	112.144	0.000	285.467	0.000	57.255	1.959	2.838"
"60.022	0.707	6.031	0.227	-25.725	-110.441	113.397	0.000	283.540	0.000	57.254	1.981	2.572"
"60.021	0.704	5.954	0.214	-24.488	-111.760	114.411	0.000	282.722	0.000	57.253	1.998	2.449"
"60.021	0.703	5.907	0.209	-24.091	-112.490	115.041	0.000	282.133	0.000	57.249	2.009	2.409"
"60.021	0.706	5.879	0.209	-24.039	-112.677	115.213	0.000	282.050	0.000	57.247	2.013	2.404"
"60.021	0.708	5.859	0.206	-23.736	-112.976	115.443	0.000	281.996	0.000	57.245	2.017	2.373"
"60.021	0.701	5.853	0.202	-23.326	-113.189	115.568	0.000	281.655	0.000	57.245	2.019	2.333"
"60.022	0.703	5.832	0.197	-22.845	-113.453	115.730	0.000	281.515	0.000	57.245	2.022	2.284"
"60.021	0.701	5.817	0.196	-22.638	-113.462	115.698	0.000	281.656	0.000	57.233	2.022	2.264"
"60.020	0.696	5.757	0.192	-22.246	-113.666	115.822	0.000	281.261	0.000	57.208	2.025	2.225"
"60.021	0.695	5.741	0.191	-22.127	-113.854	115.985	0.000	281.104	0.000	57.208	2.027	2.213"
"60.020	0.697	5.756	0.191	-22.158	-113.993	116.127	0.000	281.099	0.000	57.211	2.030	2.216"
"60.019	0.696	5.768	0.194	-22.540	-113.854	116.064	0.000	281.215	0.000	57.217	2.028	2.254"
"60.021	0.699	5.777	0.193	-22.370	-113.999	116.173	0.000	281.087	0.000	57.235	2.030	2.237"
"60.020	0.701	5.785	0.195	-22.617	-113.885	116.109	0.000	281.164	0.000	57.241	2.028	2.262"
"60.019	0.700	5.784	0.196	-22.741	-113.898	116.146	0.000	281.365	0.000	57.242	2.029	2.274"
"60.019	0.701	5.785	0.196	-22.792	-113.890	116.148	0.000	281.506	0.000	57.245	2.029	2.279"
"60.019	0.701	5.785	0.196	-22.792	-113.890	116.148	0.000	281.506	0.000	57.245	2.029	2.279"
"60.019	0.700	5.771	0.191	-22.221	-114.285	116.425	0.000	281.068	0.000	57.254	2.033	2.222"
"60.018	0.701	5.770	0.190	-22.160	-114.200	116.330	0.000	280.933	0.000	57.247	2.032	2.216"
"60.019	0.703	5.756	0.190	-22.181	-114.363	116.494	0.000	281.060	0.000	57.248	2.035	2.218"
"60.019	0.705	5.760	0.192	-22.347	-114.400	116.563	0.000	281.160	0.000	57.257	2.036	2.235"
"60.019	0.710	5.777	0.192	-22.367	-114.411	116.577	0.000	281.236	0.000	57.265	2.036	2.237"
"60.018	0.710	5.762	0.193	-22.514	-114.171	116.370	0.000	281.316	0.000	57.265	2.032	2.251"
"60.018	0.703	5.728	0.193	-22.407	-114.174	116.352	0.000	281.115	0.000	57.269	2.032	2.241"
"60.019	0.702	5.718	0.193	-22.436	-114.137	116.321	0.000	281.062	0.000	57.267	2.031	2.244"
"60.019	0.701	5.720	0.193	-22.473	-114.181	116.371	0.000	281.256	0.000	57.272	2.032	2.247"
"60.019	0.702	5.699	0.194	-22.562	-114.221	116.428	0.000	281.290	0.000	57.272	2.033	2.256"
"60.018	0.710	5.769	0.195	-22.666	-114.195	116.422	0.000	281.385	0.000	57.270	2.033	2.266"
"60.018	0.718	5.798	0.193	-22.506	-114.321	116.516	0.000	281.216	0.000	57.269	2.035	2.251"
"60.018	0.718	5.798	0.193	-22.506	-114.321	116.516	0.000	281.216	0.000	57.269	2.035	2.251"
"60.018	0.718	5.746	0.192	-22.367	-114.202	116.372	0.000	281.135	0.000	57.270	2.032	2.237"
"60.018	0.722	5.768	0.193	-22.429	-114.168	116.351	0.000	281.200	0.000	57.274	2.031	2.243"
"60.018	0.720	5.766	0.192	-22.385	-114.149	116.323	0.000	281.074	0.000	57.273	2.031	2.238"
"60.018	0.724	5.765	0.193	-22.468	-114.109	116.300	0.000	281.321	0.000	57.273	2.031	2.247"
"60.018	0.724	5.765	0.193	-22.468	-114.109	116.300	0.000	281.321	0.000	57.273	2.031	2.247"
"60.018	0.723	5.760	0.194	-22.550	-114.039	116.247	0.000	281.179	0.000	57.273	2.030	2.255"
"60.018	0.727	5.770	0.193	-22.492	-114.050	116.247	0.000	281.233	0.000	57.276	2.030	2.249"
"60.018	0.724	5.789	0.193	-22.438	-114.085	116.271	0.000	281.169	0.000	57.279	2.030	2.244"
"60.018	0.724	5.789	0.193	-22.438	-114.085	116.271	0.000	281.169	0.000	57.279	2.030	2.244"
"60.018	0.724	5.786	0.194	-22.557	-114.039	116.248	0.000	281.375	0.000	57.283	2.029	2.256"
"60.018	0.726	5.774	0.194	-22.560	-114.025	116.236	0.000	281.322	0.000	57.288	2.029	2.256"
"60.018	0.725	5.810	0.194	-22.557	-114.085	116.294	0.000	281.110	0.000	57.292	2.030	2.256"
"60.018	0.727	5.789	0.194	-22.612	-114.268	116.483	0.000	281.188	0.000	57.293	2.033	2.261"
"60.018	0.728	5.770	0.195	-22.712	-114.220	116.457	0.000	281.300	0.000	57.296	2.033	2.271"
"60.018	0.723	5.778	0.196	-22.828	-114.130	116.390	0.000	281.285	0.000	57.295	2.031	2.283"
"60.018	0.726	5.760	0.196	-22.795	-114.118	116.373	0.000	281.401	0.000	57.292	2.031	2.279"
"60.018	0.721	5.772	0.195	-22.728	-114.167	116.408	0.000	281.363	0.000	57.294	2.032	2.273"
"60.019	0.721	5.762	0.195	-22.768	-114.220	116.467	0.000	281.326	0.000	57.296	2.033	2.277"
"60.019	0.723	5.732	0.196	-22.827	-114.200	116.459	0.000	281.296	0.000	57.300	2.032	2.283"
"60.019	0.721	5.754	0.197	-22.918	-114.234	116.510	0.000	281.350	0.000	57.306	2.033	2.292"
"60.018	0.720	5.742	0.196	-22.840	-114.245	116.505	0.000	281.362	0.000	57.312	2.033	2.284"
"60.019	0.721	5.728	0.193	-22.505	-114.299	116.494	0.000	281.375	0.000	57.304	2.033	2.250"
"60.018	0.728	5.742	0.194	-22.639	-114.368	116.587	0.000	281.310	0.000	57.312	2.034	2.264"
"60.019	0.725	5.733	0.193	-22.545	-114.531	116.728	0.000	281.209	0.000	57.316	2.037	2.254"
"60.018	0.726	5.704	0.193	-22.528	-114.465	116.660	0.000	281.120	0.000	57.312	2.036	2.253"
"60.019	0.725	5.719	0.194	-22.610	-114.610	116.818	0.000	281.170	0.000	57.315	2.038	2.261"
"60.019	0.725	5.719	0.194	-22.610	-114.610	116.818	0.000	281.170	0.000	57.315	2.038	2.261"
"60.019	0.732	5.751	0.193	-22.536	-114.430	116.628	0.000	281.284	0.000	57.329	2.034	2.254"
"60.019	0.732	5.758	0.193	-22.416	-114.193	116.372	0.000	281.204	0.000	57.334	2.030	2.242"
"60.020	0.734	5.796	0.192	-22.167	-113.586	115.729	0.000	281.158	0.000	57.347	2.018	2.217"
"60.020	0.733	5.839	0.189	-21.684	-112.786	114.852	0.000	280.982	0.000	57.351	2.003	2.168"
"60.020	0.732	5.894	0.186	-21.143	-111.669	113.653	0.000	280.859	0.000	57.356	1.982	2.114"
"60.020	0.732	6.014	0.176	-19.692	-109.864	111.615	0.000	280.618	0.000	57.350	1.946	1.969"
"60.020	0.734	6.162	0.169	-18.481	-107.791	109.364	0.000	279.967	0.000	57.365	1.906	1.848"
"60.021	0.733	6.314	0.164	-17.507	-105.591	107.032	0.000	279.797	0.000	57.370	1.866	1.751"
"60.019	0.737	6.471	0.155	-16.252	-103.522	104.789	0.000	279.431	0.000	57.371	1.827	1.625"
"60.020	0.734	6.659	0.145	-14.853	-101.166	102.251	0.000	278.591	0.000	57.379	1.782	1.485"
"60.020	0.736	6.829	0.140	-14.022	-98.909	99.897	0.000	278.108	0.000	57.379	1.741	1.402"
"60.019	0.736	7.094	0.133	-12.920	-96.411	97.273	0.000	277.691	0.000	57.378	1.695	1.292"
"60.020	0.736	7.262	0.119	-11.322	-94.475	95.151	0.000	277.372	0.000	57.376	1.658	1.132"
"60.020	0.736	7.496	0.104	-9.648	-92.210	92.714	0.000	276.343	0.000	57.383	1.616	0.965"
"60.019	0.735	7.804	0.086	-7.702	-88.850	89.183	0.000	275.909	0.000	57.384	1.554	0.770"
"60.020	0.738	8.215	0.066	-5.626	-85.126	85.312	0.000	274.139	0.000	57.389	1.487	0.563"
"60.019	0.737	8.574	0.050	-4.142	-82.208	82.313	0.000	272.917	0.000	57.396	1.434	0.414"
"60.019	0.738	8.871	0.035	-2.754	-79.708	79.755	0.000	272.615	0.000	57.401	1.389	0.275"
"60.019	0.736	9.315	0.009	-0.722	-76.445	76.449	0.000	271.367	0.000	57.404	1.332	0.072"
"60.019	0.737	9.831	0.013	-0.972	-72.675	72.682	0.000	270.036	0.000	57.409	1.266	0.097"
"60.019	0.734	10.410	0.040	-2.757	-69.064	69.119	0.000	268.435	0.000	57.413	1.204	0.276"
"60.019	0.734	10.410	0.040	-2.757	-69.064	69.119	0.000	268.435	0.000	57.413	1.204	0.276"
"60.019	0.737	11.209	0.076	-4.905	-64.568	64.754	0.000	266.143	0.000	57.422	1.128	0.491"
"60.019	0.737	11.484	0.091	-5.784	-63.139	63.404	0.000	265.202	0.000	57.423	1.104	0.578"
"60.019	0.734	11.653	0.101	-6.287	-62.194	62.511	0.000	264.508	0.000	57.422	1.089	0.629"
"60.019	0.735	11.959	0.116	-7.115	-60.867	61.281	0.000	263.778	0.000	57.424	1.067	0.711"
"60.019	0.734	12.200	0.138	-8.273	-59.536	60.108	0.000	263.010	0.000	57.429	1.047	0.827"
"60.019	0.737	12.493	0.166	-9.745	-57.958	58.771	0.000	261.382	0.000	57.434	1.023	0.974"
"60.019	0.734	12.919	0.185	-10.509	-55.944	56.923	0.000	260.136	0.000	57.434	0.991	1.051"
"60.019	0.736	13.493	0.214	-11.755	-53.677	54.949	0.000	258.397	0.000	57.441	0.957	1.175"
"60.019	0.738	13.922	0.241	-12.921	-51.951	53.534	0.000	256.583	0.000	57.446	0.932	1.292"
"60.019	0.739	14.416	0.263	-13.672	-50.193	52.021	0.000	255.175	0.000	57.454	0.905	1.367"
"60.019	0.736	14.670	0.284	-14.505	-48.896	51.002	0.000	253.558	0.000	57.456	0.888	1.450"
"60.018	0.736	14.874	0.299	-15.036	-48.065	50.362	0.000	253.144	0.000	57.456	0.877	1.504"
"60.019	0.734	15.045	0.323	-16.104	-47.240	49.910	0.000	251.789	0.000	57.459	0.869	1.610"
"60.019	0.740	15.422	0.355	-17.309	-45.563	48.740	0.000	249.929	0.000	57.465	0.848	1.731"
"60.018	0.735	16.051	0.388	-18.361	-43.561	47.273	0.000	248.938	0.000	57.471	0.823	1.836"
"60.019	0.737	16.889	0.444	-20.120	-40.600	45.312	0.000	243.576	0.000	57.475	0.788	2.012"
"60.019	0.738	17.100	0.465	-20.760	-39.552	44.669	0.000	242.300	0.000	57.481	0.777	2.076"
"60.019	0.740	17.426	0.482	-21.149	-38.461	43.893	0.000	242.256	0.000	57.487	0.764	2.115"
"60.019	0.736	17.984	0.525	-22.462	-36.407	42.778	0.000	239.547	0.000	57.491	0.744	2.246"
"60.019	0.733	18.672	0.581	-24.133	-33.788	41.521	0.000	236.950	0.000	57.495	0.722	2.413"
"60.019	0.732	19.046	0.605	-24.623	-32.427	40.716	0.000	231.904	0.000	57.496	0.708	2.462"
"60.020	0.734	18.834	0.594	-24.416	-33.039	41.082	0.000	233.143	0.000	57.502	0.714	2.442"
"60.020	0.737	18.772	0.593	-24.510	-33.239	41.299	0.000	232.864	0.000	57.506	0.718	2.451"
"60.020	0.736	18.703	0.593	-24.404	-33.105	41.128	0.000	232.865	0.000	57.510	0.715	2.440"
"60.020	0.734	18.876	0.594	-24.447	-33.084	41.136	0.000	232.812	0.000	57.514	0.715	2.445"
"60.020	0.733	18.826	0.595	-24.451	-33.027	41.093	0.000	232.918	0.000	57.514	0.714	2.445"
"60.020	0.733	18.849	0.598	-24.495	-32.827	40.959	0.000	233.740	0.000	57.504	0.712	2.449"
"60.020	0.728	18.834	0.599	-24.521	-32.743	40.907	0.000	232.515	0.000	57.485	0.712	2.452"
"60.019	0.729	18.973	0.617	-25.143	-32.029	40.719	0.000	234.135	0.000	57.488	0.708	2.514"
"60.020	0.735	19.839	0.700	-27.593	-28.153	39.421	0.000	228.902	0.000	57.505	0.686	2.759"
"60.019	0.736	20.689	0.826	-31.671	-21.610	38.341	0.000	219.049	0.000	57.519	0.667	3.167"
"60.020	0.737	20.621	0.923	-35.923	-14.973	38.918	0.000	205.329	0.000	57.523	0.677	3.592"
"60.019	0.738	19.291	0.975	-41.075	-9.415	42.140	0.000	192.152	0.000	57.533	0.732	4.107"
"60.020	0.738	16.733	0.971	-47.911	-11.726	49.325	0.000	178.248	0.000	57.542	0.857	4.791"
"60.020	0.733	14.156	0.932	-55.231	-21.474	59.259	0.000	164.616	0.000	57.551	1.030	5.523"
"60.020	0.734	12.663	0.898	-60.438	29.543	67.272	0.000	157.115	0.000	57.558	1.169	6.044"
"60.020	0.731	11.440	0.867	-65.435	37.610	75.474	0.000	152.859	0.000	57.565	1.311	6.543"
"60.020	0.730	10.248	0.835	-71.368	46.997	85.452	0.000	148.895	0.000	57.574	1.484	7.137"
"60.020	0.729	9.430	0.813	-76.077	54.576	93.628	0.000	145.636	0.000	57.576	1.626	7.607"
"60.021	0.729	8.817	0.793	-80.499	61.813	101.494	0.000	143.919	0.000	57.583	1.763	8.050"
"60.020	0.732	8.260	0.776	-84.923	69.056	109.456	0.000	142.102	0.000	57.593	1.901	8.492"
"60.020	0.732	8.260	0.776	-84.923	69.056	109.456	0.000	142.102	0.000	57.593	1.901	8.492"
"60.021	0.728	7.554	0.754	-91.897	80.016	121.851	0.000	139.292	0.000	57.600	2.115	9.189"
"60.021	0.726	7.362	0.746	-94.096	83.883	126.057	0.000	138.983	0.000	57.599	2.189	9.409"
"60.021	0.726	6.973	0.733	-98.781	91.550	134.681	0.000	137.744	0.000	57.602	2.338	9.878"
"60.021	0.725	6.656	0.722	-103.183	98.837	142.883	0.000	136.568	0.000	57.603	2.480	10.318"
"60.021	0.724	6.385	0.715	-107.170	104.895	149.961	0.000	135.943	0.000	57.601	2.603	10.717"
"60.022	0.722	6.393	0.714	-107.376	105.434	150.485	0.000	135.642	0.000	57.597	2.613	10.737"
"60.022	0.726	6.384	0.713	-107.395	105.473	150.527	0.000	135.584	0.000	57.597	2.613	10.739"
"60.022	0.721	6.368	0.714	-107.442	105.486	150.569	0.000	135.739	0.000	57.599	2.614	10.744"
"60.022	0.720	6.375	0.713	-107.279	105.389	150.384	0.000	135.695	0.000	57.602	2.611	10.727"
"60.022	0.726	6.381	0.715	-107.491	105.246	150.436	0.000	135.757	0.000	57.602	2.612	10.749"
"60.022	0.721	6.377	0.715	-107.554	105.243	150.479	0.000	135.789	0.000	57.601	2.612	10.755"
"60.022	0.722	6.361	0.715	-107.640	105.344	150.611	0.000	135.820	0.000	57.598	2.615	10.764"
"60.022	0.723	6.388	0.713	-107.345	105.558	150.550	0.000	135.536	0.000	57.600	2.614	10.734"
"60.022	0.724	6.388	0.713	-107.321	105.442	150.452	0.000	135.564	0.000	57.598	2.612	10.732"
"60.022	0.724	6.395	0.711	-106.878	105.601	150.248	0.000	135.506	0.000	57.602	2.608	10.687"
"60.022	0.727	6.397	0.712	-107.138	105.607	150.438	0.000	135.561	0.000	57.606	2.611	10.713"
"60.022	0.725	6.399	0.712	-107.183	105.613	150.473	0.000	135.720	0.000	57.608	2.612	10.718"
"60.022	0.724	6.400	0.713	-107.177	105.497	150.388	0.000	135.581	0.000	57.608	2.611	10.717"
"60.022	0.727	6.390	0.712	-107.245	105.848	150.683	0.000	135.395	0.000	57.605	2.616	10.724"
"60.022	0.724	6.387	0.712	-107.282	105.812	150.684	0.000	135.456	0.000	57.605	2.616	10.728"
"60.023	0.726	6.363	0.712	-107.299	105.750	150.653	0.000	135.619	0.000	57.602	2.615	10.729"
"60.023	0.728	6.388	0.713	-107.182	105.455	150.362	0.000	135.587	0.000	57.604	2.610	10.718"
"60.023	0.728	6.401	0.712	-106.961	105.503	150.239	0.000	135.604	0.000	57.605	2.608	10.696"
"60.023	0.727	6.395	0.712	-106.892	105.425	150.135	0.000	135.533	0.000	57.611	2.606	10.689"
"60.023	0.729	6.391	0.712	-106.921	105.525	150.225	0.000	135.494	0.000	57.613	2.607	10.692"
"60.023	0.726	6.385	0.712	-107.006	105.601	150.339	0.000	135.494	0.000	57.615	2.609	10.700"
"60.023	0.728	6.405	0.711	-106.928	105.658	150.324	0.000	135.414	0.000	57.614	2.609	10.692"
"60.023	0.736	6.396	0.714	-107.237	105.249	150.257	0.000	135.694	0.000	57.614	2.608	10.723"
"60.023	0.732	6.421	0.712	-106.991	105.419	150.200	0.000	135.517	0.000	57.617	2.607	10.699"
"60.023	0.735	6.438	0.713	-107.003	105.244	150.086	0.000	135.575	0.000	57.624	2.605	10.700"
"60.023	0.734	6.426	0.712	-106.847	105.311	150.022	0.000	135.664	0.000	57.625	2.603	10.684"
"60.023	0.738	6.427	0.712	-106.753	105.295	149.945	0.000	135.411	0.000	57.625	2.602	10.675"
"60.023	0.735	6.454	0.710	-106.015	105.136	149.307	0.000	135.362	0.000	57.614	2.592	10.601"
"60.023	0.735	6.413	0.710	-105.968	105.207	149.324	0.000	135.378	0.000	57.616	2.592	10.596"
"60.023	0.735	6.413	0.710	-105.968	105.207	149.324	0.000	135.378	0.000	57.616	2.592	10.596"
"60.023	0.734	6.393	0.714	-106.982	104.990	149.893	0.000	135.572	0.000	57.616	2.602	10.698"
"60.023	0.728	6.407	0.714	-107.029	105.042	149.964	0.000	135.736	0.000	57.616	2.603	10.703"
"60.023	0.728	6.407	0.714	-107.029	105.042	149.964	0.000	135.736	0.000	57.616	2.603	10.703"
"60.023	0.726	6.432	0.714	-106.981	104.921	149.844	0.000	135.722	0.000	57.622	2.600	10.698"
"60.024	0.727	6.414	0.712	-106.693	105.164	149.809	0.000	135.510	0.000	57.628	2.600	10.669"
"60.024	0.729	6.425	0.711	-106.388	105.305	149.691	0.000	135.510	0.000	57.631	2.597	10.638"
"60.024	0.733	6.428	0.711	-106.361	105.311	149.677	0.000	135.336	0.000	57.635	2.597	10.636"
"60.024	0.731	6.437	0.710	-106.269	105.390	149.667	0.000	135.429	0.000	57.642	2.596	10.626"
"60.024	0.729	6.401	0.711	-106.427	105.354	149.754	0.000	135.255	0.000	57.647	2.598	10.642"
"60.024	0.730	6.419	0.712	-106.694	105.138	149.792	0.000	135.635	0.000	57.650	2.598	10.669"
"60.024	0.726	6.414	0.707	-105.507	105.552	149.241	0.000	135.672	0.000	57.652	2.589	10.550"
"60.024	0.728	6.653	0.648	-94.282	110.857	145.528	0.000	133.583	0.000	57.660	2.524	9.428"
"60.024	0.727	6.742	0.600	-87.061	115.936	144.985	0.000	127.868	0.000	57.678	2.514	8.706"
"60.024	0.722	6.839	0.560	-80.680	119.395	144.098	0.000	125.841	0.000	57.683	2.498	8.068"
"60.025	0.725	6.893	0.524	-75.348	122.432	143.760	0.000	123.243	0.000	57.691	2.492	7.535"
"60.026	0.726	6.941	0.493	-70.776	124.806	143.478	0.000	121.784	0.000	57.697	2.487	7.077"
"60.026	0.723	7.034	0.383	-54.818	132.309	143.215	0.000	116.186	0.000	57.706	2.482	5.482"
"60.026	0.720	6.979	0.305	-44.029	137.627	144.498	0.000	108.842	0.000	57.712	2.504	4.403"
